이름,요일
흑막 약혼자가 내 꽃길을 방해한다,https://page.kakao.com/
당신이 원하는 게 제 심장인가요,https://page.kakao.com/
계약 결혼일 뿐이었다,https://page.kakao.com/
황녀님이 사악하셔,https://page.kakao.com/
공포게임 남주와 감금당했다,https://page.kakao.com/
이차원 용병,https://page.kakao.com/
부모님을 죽인 원수와 결혼했습니다,https://page.kakao.com/
백작 영애의 애인을 꼬셔라,https://page.kakao.com/
독보소요,https://page.kakao.com/
공녀고 나발이고 집에 간다고,https://page.kakao.com/
웨어울프 : 향기에 이끌린 늑대들,https://page.kakao.com/
황제와 함께 타락하겠습니다,https://page.kakao.com/
나는 될 놈이다,https://page.kakao.com/
토마토가 돼라!,https://page.kakao.com/
마왕의 아이로 살아남는 법,https://page.kakao.com/
마황귀환록,https://page.kakao.com/
100만 년 만에 귀환하다,https://page.kakao.com/
사상 최강 남주,https://page.kakao.com/
환생불사,https://page.kakao.com/
묵향 다크레이디,https://page.kakao.com/
좀비묵시록 82-08,https://page.kakao.com/
